Country Name,Country Code,Series Name,Series Code,1970 [YR1970],1971 [YR1971],1972 [YR1972],1973 [YR1973],1974 [YR1974],1975 [YR1975],1976 [YR1976],1977 [YR1977],1978 [YR1978],1979 [YR1979],1980 [YR1980],1981 [YR1981],1982 [YR1982],1983 [YR1983],1984 [YR1984],1985 [YR1985],1986 [YR1986],1987 [YR1987],1988 [YR1988],1989 [YR1989],1990 [YR1990],1991 [YR1991],1992 [YR1992],1993 [YR1993],1994 [YR1994],1995 [YR1995],1996 [YR1996],1997 [YR1997],1998 [YR1998],1999 [YR1999],2000 [YR2000],2001 [YR2001],2002 [YR2002],2003 [YR2003],2004 [YR2004],2005 [YR2005],2006 [YR2006],2007 [YR2007],2008 [YR2008],2009 [YR2009],2010 [YR2010],2011 [YR2011],2012 [YR2012],2013 [YR2013],2014 [YR2014],2015 [YR2015],2016 [YR2016],2017 [YR2017],2018 [YR2018],2019 [YR2019],2020 [YR2020]
Argentina,ARG,"Barro-Lee: Average years of total schooling, age 25+, total",BAR.SCHL.25UP,5.92,..,..,..,..,6.43,..,..,..,..,6.72,..,..,..,..,7.45,..,..,..,..,7.88,..,..,..,..,8.34,..,..,..,..,8.55,..,..,..,..,9.26,..,..,..,..,9.48,..,..,..,..,..,..,..,..,..,..
Australia,AUS,"Barro-Lee: Average years of total schooling, age 25+, total",BAR.SCHL.25UP,9.35,..,..,..,..,10.04,..,..,..,..,10.79,..,..,..,..,11.02,..,..,..,..,11.2,..,..,..,..,11.31,..,..,..,..,11.26,..,..,..,..,11.54,..,..,..,..,11.77,..,..,..,..,..,..,..,..,..,..
Bangladesh,BGD,"Barro-Lee: Average years of total schooling, age 25+, total",BAR.SCHL.25UP,1.16,..,..,..,..,1.18,..,..,..,..,1.97,..,..,..,..,2.4,..,..,..,..,2.84,..,..,..,..,3.29,..,..,..,..,3.69,..,..,..,..,4.19,..,..,..,..,4.91,..,..,..,..,..,..,..,..,..,..
Belize,BLZ,"Barro-Lee: Average years of total schooling, age 25+, total",BAR.SCHL.25UP,7.22,..,..,..,..,7.47,..,..,..,..,7.08,..,..,..,..,7.35,..,..,..,..,8.22,..,..,..,..,9.13,..,..,..,..,10.1,..,..,..,..,10.84,..,..,..,..,11.59,..,..,..,..,..,..,..,..,..,..
Bolivia,BOL,"Barro-Lee: Average years of total schooling, age 25+, total",BAR.SCHL.25UP,3.27,..,..,..,..,3.65,..,..,..,..,4.47,..,..,..,..,5.36,..,..,..,..,6.41,..,..,..,..,7.11,..,..,..,..,7.44,..,..,..,..,7.69,..,..,..,..,7.77,..,..,..,..,..,..,..,..,..,..
Brazil,BRA,"Barro-Lee: Average years of total schooling, age 25+, total",BAR.SCHL.25UP,3.09,..,..,..,..,2.82,..,..,..,..,2.93,..,..,..,..,3.59,..,..,..,..,4.04,..,..,..,..,4.84,..,..,..,..,5.78,..,..,..,..,6.75,..,..,..,..,7.66,..,..,..,..,..,..,..,..,..,..
Cambodia,KHM,"Barro-Lee: Average years of total schooling, age 25+, total",BAR.SCHL.25UP,1.24,..,..,..,..,1.64,..,..,..,..,2.11,..,..,..,..,2.52,..,..,..,..,2.69,..,..,..,..,2.95,..,..,..,..,3.22,..,..,..,..,3.52,..,..,..,..,4.1,..,..,..,..,..,..,..,..,..,..
Canada,CAN,"Barro-Lee: Average years of total schooling, age 25+, total",BAR.SCHL.25UP,8.66,..,..,..,..,9.18,..,..,..,..,9.84,..,..,..,..,9.83,..,..,..,..,10.28,..,..,..,..,10.63,..,..,..,..,10.98,..,..,..,..,12.22,..,..,..,..,12.56,..,..,..,..,..,..,..,..,..,..
Chile,CHL,"Barro-Lee: Average years of total schooling, age 25+, total",BAR.SCHL.25UP,5.8,..,..,..,..,6,..,..,..,..,6.4,..,..,..,..,7.23,..,..,..,..,8.02,..,..,..,..,8.4,..,..,..,..,8.75,..,..,..,..,9.41,..,..,..,..,9.71,..,..,..,..,..,..,..,..,..,..
Colombia,COL,"Barro-Lee: Average years of total schooling, age 25+, total",BAR.SCHL.25UP,3.38,..,..,..,..,3.86,..,..,..,..,4.26,..,..,..,..,4.79,..,..,..,..,5.46,..,..,..,..,6.09,..,..,..,..,6.5,..,..,..,..,6.69,..,..,..,..,8.45,..,..,..,..,..,..,..,..,..,..
"Congo, Dem. Rep.",COD,"Barro-Lee: Average years of total schooling, age 25+, total",BAR.SCHL.25UP,0.82,..,..,..,..,1.02,..,..,..,..,1.28,..,..,..,..,1.65,..,..,..,..,2.25,..,..,..,..,2.92,..,..,..,..,3.29,..,..,..,..,3.48,..,..,..,..,3.61,..,..,..,..,..,..,..,..,..,..
Costa Rica,CRI,"Barro-Lee: Average years of total schooling, age 25+, total",BAR.SCHL.25UP,3.62,..,..,..,..,4.49,..,..,..,..,5.31,..,..,..,..,6.04,..,..,..,..,6.72,..,..,..,..,7.17,..,..,..,..,7.46,..,..,..,..,7.95,..,..,..,..,7.84,..,..,..,..,..,..,..,..,..,..
Cuba,CUB,"Barro-Lee: Average years of total schooling, age 25+, total",BAR.SCHL.25UP,4.83,..,..,..,..,5.59,..,..,..,..,6.02,..,..,..,..,6.99,..,..,..,..,7.74,..,..,..,..,8.39,..,..,..,..,8.8,..,..,..,..,9.18,..,..,..,..,9.65,..,..,..,..,..,..,..,..,..,..
Ecuador,ECU,"Barro-Lee: Average years of total schooling, age 25+, total",BAR.SCHL.25UP,3.87,..,..,..,..,4.27,..,..,..,..,5.39,..,..,..,..,5.85,..,..,..,..,6.44,..,..,..,..,6.71,..,..,..,..,6.76,..,..,..,..,7.02,..,..,..,..,7.44,..,..,..,..,..,..,..,..,..,..
Guatemala,GTM,"Barro-Lee: Average years of total schooling, age 25+, total",BAR.SCHL.25UP,1.35,..,..,..,..,1.55,..,..,..,..,2.36,..,..,..,..,2.72,..,..,..,..,3.05,..,..,..,..,3.41,..,..,..,..,3.74,..,..,..,..,3.58,..,..,..,..,4.3,..,..,..,..,..,..,..,..,..,..
Indonesia,IDN,"Barro-Lee: Average years of total schooling, age 25+, total",BAR.SCHL.25UP,2.26,..,..,..,..,2.58,..,..,..,..,3.09,..,..,..,..,3.23,..,..,..,..,3.28,..,..,..,..,4.21,..,..,..,..,4.75,..,..,..,..,5.88,..,..,..,..,7.26,..,..,..,..,..,..,..,..,..,..
India,IND,"Barro-Lee: Average years of total schooling, age 25+, total",BAR.SCHL.25UP,1.24,..,..,..,..,1.52,..,..,..,..,1.87,..,..,..,..,2.39,..,..,..,..,2.96,..,..,..,..,3.51,..,..,..,..,4.41,..,..,..,..,4.82,..,..,..,..,5.39,..,..,..,..,..,..,..,..,..,..
"Iran, Islamic Rep.",IRN,"Barro-Lee: Average years of total schooling, age 25+, total",BAR.SCHL.25UP,1.17,..,..,..,..,1.63,..,..,..,..,2.3,..,..,..,..,3.21,..,..,..,..,4.22,..,..,..,..,5.26,..,..,..,..,6.22,..,..,..,..,7.03,..,..,..,..,8.17,..,..,..,..,..,..,..,..,..,..
Iraq,IRQ,"Barro-Lee: Average years of total schooling, age 25+, total",BAR.SCHL.25UP,0.65,..,..,..,..,1.02,..,..,..,..,1.61,..,..,..,..,2.27,..,..,..,..,3.19,..,..,..,..,4.17,..,..,..,..,5.04,..,..,..,..,5.84,..,..,..,..,6.38,..,..,..,..,..,..,..,..,..,..
Jordan,JOR,"Barro-Lee: Average years of total schooling, age 25+, total",BAR.SCHL.25UP,2.25,..,..,..,..,2.77,..,..,..,..,3.06,..,..,..,..,4.07,..,..,..,..,5.25,..,..,..,..,6.71,..,..,..,..,7.72,..,..,..,..,8.49,..,..,..,..,9.21,..,..,..,..,..,..,..,..,..,..
Mexico,MEX,"Barro-Lee: Average years of total schooling, age 25+, total",BAR.SCHL.25UP,2.89,..,..,..,..,3.33,..,..,..,..,3.92,..,..,..,..,4.8,..,..,..,..,5.56,..,..,..,..,6.48,..,..,..,..,7.11,..,..,..,..,7.89,..,..,..,..,8.33,..,..,..,..,..,..,..,..,..,..
Nepal,NPL,"Barro-Lee: Average years of total schooling, age 25+, total",BAR.SCHL.25UP,0.25,..,..,..,..,0.44,..,..,..,..,0.63,..,..,..,..,1.24,..,..,..,..,2.02,..,..,..,..,2.24,..,..,..,..,2.37,..,..,..,..,2.8,..,..,..,..,3.31,..,..,..,..,..,..,..,..,..,..
Nicaragua,NIC,"Barro-Lee: Average years of total schooling, age 25+, total",BAR.SCHL.25UP,2.65,..,..,..,..,2.88,..,..,..,..,3.21,..,..,..,..,3.63,..,..,..,..,4.09,..,..,..,..,4.56,..,..,..,..,5.08,..,..,..,..,5.46,..,..,..,..,6,..,..,..,..,..,..,..,..,..,..
Oman,OMN,"Barro-Lee: Average years of total schooling, age 25+, total",BAR.SCHL.25UP,..,..,..,..,..,..,..,..,..,..,..,..,..,..,..,..,..,..,..,..,..,..,..,..,..,..,..,..,..,..,..,..,..,..,..,..,..,..,..,..,..,..,..,..,..,..,..,..,..,..,..
Papua New Guinea,PNG,"Barro-Lee: Average years of total schooling, age 25+, total",BAR.SCHL.25UP,0.94,..,..,..,..,0.96,..,..,..,..,1.25,..,..,..,..,1.78,..,..,..,..,2.32,..,..,..,..,2.92,..,..,..,..,3.26,..,..,..,..,3.55,..,..,..,..,3.95,..,..,..,..,..,..,..,..,..,..
Pakistan,PAK,"Barro-Lee: Average years of total schooling, age 25+, total",BAR.SCHL.25UP,1.31,..,..,..,..,1.55,..,..,..,..,1.75,..,..,..,..,2.09,..,..,..,..,2.28,..,..,..,..,2.77,..,..,..,..,3.27,..,..,..,..,4.51,..,..,..,..,4.45,..,..,..,..,..,..,..,..,..,..
Peru,PER,"Barro-Lee: Average years of total schooling, age 25+, total",BAR.SCHL.25UP,3.67,..,..,..,..,4.45,..,..,..,..,5.27,..,..,..,..,5.83,..,..,..,..,6.52,..,..,..,..,7.25,..,..,..,..,8.27,..,..,..,..,9.19,..,..,..,..,8.68,..,..,..,..,..,..,..,..,..,..
Rwanda,RWA,"Barro-Lee: Average years of total schooling, age 25+, total",BAR.SCHL.25UP,0.69,..,..,..,..,0.96,..,..,..,..,1.21,..,..,..,..,1.51,..,..,..,..,1.76,..,..,..,..,1.97,..,..,..,..,2.27,..,..,..,..,2.81,..,..,..,..,3.48,..,..,..,..,..,..,..,..,..,..
South Africa,ZAF,"Barro-Lee: Average years of total schooling, age 25+, total",BAR.SCHL.25UP,4.44,..,..,..,..,4.66,..,..,..,..,4.82,..,..,..,..,4.78,..,..,..,..,6.49,..,..,..,..,8.22,..,..,..,..,7.23,..,..,..,..,8.23,..,..,..,..,9.43,..,..,..,..,..,..,..,..,..,..
Sri Lanka,LKA,"Barro-Lee: Average years of total schooling, age 25+, total",BAR.SCHL.25UP,5.33,..,..,..,..,5.77,..,..,..,..,6.13,..,..,..,..,6.93,..,..,..,..,7.79,..,..,..,..,8.65,..,..,..,..,9.65,..,..,..,..,9.83,..,..,..,..,9.76,..,..,..,..,..,..,..,..,..,..
Tanzania,TZA,"Barro-Lee: Average years of total schooling, age 25+, total",BAR.SCHL.25UP,1.79,..,..,..,..,2.18,..,..,..,..,2.53,..,..,..,..,3.16,..,..,..,..,3.6,..,..,..,..,4.09,..,..,..,..,4.57,..,..,..,..,4.76,..,..,..,..,5.12,..,..,..,..,..,..,..,..,..,..
Uganda,UGA,"Barro-Lee: Average years of total schooling, age 25+, total",BAR.SCHL.25UP,1.05,..,..,..,..,1.43,..,..,..,..,1.82,..,..,..,..,2.27,..,..,..,..,2.77,..,..,..,..,3.38,..,..,..,..,3.86,..,..,..,..,4.43,..,..,..,..,5.42,..,..,..,..,..,..,..,..,..,..
United Kingdom,GBR,"Barro-Lee: Average years of total schooling, age 25+, total",BAR.SCHL.25UP,7.54,..,..,..,..,7.95,..,..,..,..,8.13,..,..,..,..,8.39,..,..,..,..,8.88,..,..,..,..,9.29,..,..,..,..,9.86,..,..,..,..,11.03,..,..,..,..,12.32,..,..,..,..,..,..,..,..,..,..
United States,USA,"Barro-Lee: Average years of total schooling, age 25+, total",BAR.SCHL.25UP,10.61,..,..,..,..,11.4,..,..,..,..,11.94,..,..,..,..,12.14,..,..,..,..,12.32,..,..,..,..,12.69,..,..,..,..,12.93,..,..,..,..,13.13,..,..,..,..,13.42,..,..,..,..,..,..,..,..,..,..
Uruguay,URY,"Barro-Lee: Average years of total schooling, age 25+, total",BAR.SCHL.25UP,5.24,..,..,..,..,5.61,..,..,..,..,6.25,..,..,..,..,6.86,..,..,..,..,7.13,..,..,..,..,7.32,..,..,..,..,7.94,..,..,..,..,7.88,..,..,..,..,8.11,..,..,..,..,..,..,..,..,..,..
Uzbekistan,UZB,"Barro-Lee: Average years of total schooling, age 25+, total",BAR.SCHL.25UP,..,..,..,..,..,..,..,..,..,..,..,..,..,..,..,..,..,..,..,..,..,..,..,..,..,..,..,..,..,..,..,..,..,..,..,..,..,..,..,..,..,..,..,..,..,..,..,..,..,..,..
Vietnam,VNM,"Barro-Lee: Average years of total schooling, age 25+, total",BAR.SCHL.25UP,3,..,..,..,..,3.56,..,..,..,..,4.18,..,..,..,..,4.31,..,..,..,..,3.94,..,..,..,..,4.6,..,..,..,..,5.42,..,..,..,..,6.44,..,..,..,..,7.45,..,..,..,..,..,..,..,..,..,..
"Yemen, Rep.",YEM,"Barro-Lee: Average years of total schooling, age 25+, total",BAR.SCHL.25UP,0.01,..,..,..,..,0,..,..,..,..,0.05,..,..,..,..,0.12,..,..,..,..,0.29,..,..,..,..,0.65,..,..,..,..,1.2,..,..,..,..,1.86,..,..,..,..,2.6,..,..,..,..,..,..,..,..,..,..
Zambia,ZMB,"Barro-Lee: Average years of total schooling, age 25+, total",BAR.SCHL.25UP,2.84,..,..,..,..,2.95,..,..,..,..,3.36,..,..,..,..,4.04,..,..,..,..,4.68,..,..,..,..,6.04,..,..,..,..,5.88,..,..,..,..,6.32,..,..,..,..,6.6,..,..,..,..,..,..,..,..,..,..
Zimbabwe,ZWE,"Barro-Lee: Average years of total schooling, age 25+, total",BAR.SCHL.25UP,2.29,..,..,..,..,2.89,..,..,..,..,3.24,..,..,..,..,3.99,..,..,..,..,4.53,..,..,..,..,5.54,..,..,..,..,5.89,..,..,..,..,6.75,..,..,..,..,7.25,..,..,..,..,..,..,..,..,..,..
Afghanistan,AFG,"Barro-Lee: Average years of total schooling, age 25+, total",BAR.SCHL.25UP,0.35,..,..,..,..,0.62,..,..,..,..,0.78,..,..,..,..,1.16,..,..,..,..,1.49,..,..,..,..,1.86,..,..,..,..,2.16,..,..,..,..,2.6,..,..,..,..,3.23,..,..,..,..,..,..,..,..,..,..
Albania,ALB,"Barro-Lee: Average years of total schooling, age 25+, total",BAR.SCHL.25UP,3.31,..,..,..,..,3.98,..,..,..,..,4.95,..,..,..,..,6.75,..,..,..,..,7.83,..,..,..,..,7.82,..,..,..,..,9.32,..,..,..,..,9.69,..,..,..,..,9.85,..,..,..,..,..,..,..,..,..,..
Algeria,DZA,"Barro-Lee: Average years of total schooling, age 25+, total",BAR.SCHL.25UP,0.78,..,..,..,..,1.18,..,..,..,..,1.72,..,..,..,..,2.51,..,..,..,..,3.38,..,..,..,..,4.17,..,..,..,..,4.84,..,..,..,..,5.16,..,..,..,..,5.98,..,..,..,..,..,..,..,..,..,..
Andorra,AND,"Barro-Lee: Average years of total schooling, age 25+, total",BAR.SCHL.25UP,..,..,..,..,..,..,..,..,..,..,..,..,..,..,..,..,..,..,..,..,..,..,..,..,..,..,..,..,..,..,..,..,..,..,..,..,..,..,..,..,..,..,..,..,..,..,..,..,..,..,..
Armenia,ARM,"Barro-Lee: Average years of total schooling, age 25+, total",BAR.SCHL.25UP,8.34,..,..,..,..,8.75,..,..,..,..,9.19,..,..,..,..,9.58,..,..,..,..,10.08,..,..,..,..,10.44,..,..,..,..,10.81,..,..,..,..,10.8,..,..,..,..,10.87,..,..,..,..,..,..,..,..,..,..
Austria,AUT,"Barro-Lee: Average years of total schooling, age 25+, total",BAR.SCHL.25UP,7.63,..,..,..,..,7.98,..,..,..,..,8.2,..,..,..,..,8.41,..,..,..,..,8.64,..,..,..,..,8.87,..,..,..,..,9.04,..,..,..,..,9.48,..,..,..,..,9.89,..,..,..,..,..,..,..,..,..,..
Azerbaijan,AZE,"Barro-Lee: Average years of total schooling, age 25+, total",BAR.SCHL.25UP,..,..,..,..,..,..,..,..,..,..,..,..,..,..,..,..,..,..,..,..,..,..,..,..,..,..,..,..,..,..,..,..,..,..,..,..,..,..,..,..,..,..,..,..,..,..,..,..,..,..,..
"Bahamas, The",BHS,"Barro-Lee: Average years of total schooling, age 25+, total",BAR.SCHL.25UP,..,..,..,..,..,..,..,..,..,..,..,..,..,..,..,..,..,..,..,..,..,..,..,..,..,..,..,..,..,..,..,..,..,..,..,..,..,..,..,..,..,..,..,..,..,..,..,..,..,..,..
Bahrain,BHR,"Barro-Lee: Average years of total schooling, age 25+, total",BAR.SCHL.25UP,1.88,..,..,..,..,2.71,..,..,..,..,4.12,..,..,..,..,5.25,..,..,..,..,6.1,..,..,..,..,6.66,..,..,..,..,7.12,..,..,..,..,6.87,..,..,..,..,6.79,..,..,..,..,..,..,..,..,..,..
Barbados,BRB,"Barro-Lee: Average years of total schooling, age 25+, total",BAR.SCHL.25UP,7.83,..,..,..,..,7.11,..,..,..,..,6.29,..,..,..,..,7.35,..,..,..,..,8.08,..,..,..,..,8.71,..,..,..,..,8.68,..,..,..,..,9.19,..,..,..,..,9.32,..,..,..,..,..,..,..,..,..,..
Belarus,BLR,"Barro-Lee: Average years of total schooling, age 25+, total",BAR.SCHL.25UP,..,..,..,..,..,..,..,..,..,..,..,..,..,..,..,..,..,..,..,..,..,..,..,..,..,..,..,..,..,..,..,..,..,..,..,..,..,..,..,..,..,..,..,..,..,..,..,..,..,..,..
Belgium,BEL,"Barro-Lee: Average years of total schooling, age 25+, total",BAR.SCHL.25UP,7.19,..,..,..,..,7.52,..,..,..,..,8.05,..,..,..,..,8.58,..,..,..,..,9.1,..,..,..,..,9.78,..,..,..,..,10.2,..,..,..,..,10.67,..,..,..,..,10.78,..,..,..,..,..,..,..,..,..,..
Benin,BEN,"Barro-Lee: Average years of total schooling, age 25+, total",BAR.SCHL.25UP,0.63,..,..,..,..,0.64,..,..,..,..,0.65,..,..,..,..,1.09,..,..,..,..,1.62,..,..,..,..,2.15,..,..,..,..,2.57,..,..,..,..,2.91,..,..,..,..,3.3,..,..,..,..,..,..,..,..,..,..
Bermuda,BMU,"Barro-Lee: Average years of total schooling, age 25+, total",BAR.SCHL.25UP,..,..,..,..,..,..,..,..,..,..,..,..,..,..,..,..,..,..,..,..,..,..,..,..,..,..,..,..,..,..,..,..,..,..,..,..,..,..,..,..,..,..,..,..,..,..,..,..,..,..,..
Bhutan,BTN,"Barro-Lee: Average years of total schooling, age 25+, total",BAR.SCHL.25UP,..,..,..,..,..,..,..,..,..,..,..,..,..,..,..,..,..,..,..,..,..,..,..,..,..,..,..,..,..,..,..,..,..,..,..,..,..,..,..,..,..,..,..,..,..,..,..,..,..,..,..
Bosnia and Herzegovina,BIH,"Barro-Lee: Average years of total schooling, age 25+, total",BAR.SCHL.25UP,..,..,..,..,..,..,..,..,..,..,..,..,..,..,..,..,..,..,..,..,..,..,..,..,..,..,..,..,..,..,..,..,..,..,..,..,..,..,..,..,..,..,..,..,..,..,..,..,..,..,..
Botswana,BWA,"Barro-Lee: Average years of total schooling, age 25+, total",BAR.SCHL.25UP,1.34,..,..,..,..,2.21,..,..,..,..,2.29,..,..,..,..,3.9,..,..,..,..,5.52,..,..,..,..,6.71,..,..,..,..,7.61,..,..,..,..,8.28,..,..,..,..,8.87,..,..,..,..,..,..,..,..,..,..
Brunei Darussalam,BRN,"Barro-Lee: Average years of total schooling, age 25+, total",BAR.SCHL.25UP,3.46,..,..,..,..,4.28,..,..,..,..,6.1,..,..,..,..,6.63,..,..,..,..,7.51,..,..,..,..,8.06,..,..,..,..,8.29,..,..,..,..,8.48,..,..,..,..,8.77,..,..,..,..,..,..,..,..,..,..
Bulgaria,BGR,"Barro-Lee: Average years of total schooling, age 25+, total",BAR.SCHL.25UP,5.5,..,..,..,..,6.16,..,..,..,..,7.21,..,..,..,..,8.17,..,..,..,..,8.44,..,..,..,..,9.05,..,..,..,..,9.35,..,..,..,..,10.45,..,..,..,..,11.45,..,..,..,..,..,..,..,..,..,..
Burkina Faso,BFA,"Barro-Lee: Average years of total schooling, age 25+, total",BAR.SCHL.25UP,..,..,..,..,..,..,..,..,..,..,..,..,..,..,..,..,..,..,..,..,..,..,..,..,..,..,..,..,..,..,..,..,..,..,..,..,..,..,..,..,..,..,..,..,..,..,..,..,..,..,..
Burundi,BDI,"Barro-Lee: Average years of total schooling, age 25+, total",BAR.SCHL.25UP,0.67,..,..,..,..,0.87,..,..,..,..,1.09,..,..,..,..,1.32,..,..,..,..,1.44,..,..,..,..,1.59,..,..,..,..,1.84,..,..,..,..,2.28,..,..,..,..,2.68,..,..,..,..,..,..,..,..,..,..
Cameroon,CMR,"Barro-Lee: Average years of total schooling, age 25+, total",BAR.SCHL.25UP,1.29,..,..,..,..,1.56,..,..,..,..,2.12,..,..,..,..,2.79,..,..,..,..,3.47,..,..,..,..,4.15,..,..,..,..,4.84,..,..,..,..,5.47,..,..,..,..,5.96,..,..,..,..,..,..,..,..,..,..
Cayman Islands,CYM,"Barro-Lee: Average years of total schooling, age 25+, total",BAR.SCHL.25UP,..,..,..,..,..,..,..,..,..,..,..,..,..,..,..,..,..,..,..,..,..,..,..,..,..,..,..,..,..,..,..,..,..,..,..,..,..,..,..,..,..,..,..,..,..,..,..,..,..,..,..
Central African Republic,CAF,"Barro-Lee: Average years of total schooling, age 25+, total",BAR.SCHL.25UP,0.57,..,..,..,..,0.75,..,..,..,..,1.02,..,..,..,..,1.49,..,..,..,..,2.06,..,..,..,..,2.43,..,..,..,..,2.86,..,..,..,..,3.26,..,..,..,..,3.57,..,..,..,..,..,..,..,..,..,..
Chad,TCD,"Barro-Lee: Average years of total schooling, age 25+, total",BAR.SCHL.25UP,..,..,..,..,..,..,..,..,..,..,..,..,..,..,..,..,..,..,..,..,..,..,..,..,..,..,..,..,..,..,..,..,..,..,..,..,..,..,..,..,..,..,..,..,..,..,..,..,..,..,..
China,CHN,"Barro-Lee: Average years of total schooling, age 25+, total",BAR.SCHL.25UP,2.61,..,..,..,..,3.25,..,..,..,..,3.87,..,..,..,..,4.38,..,..,..,..,4.83,..,..,..,..,5.69,..,..,..,..,6.47,..,..,..,..,6.86,..,..,..,..,7.12,..,..,..,..,..,..,..,..,..,..
Comoros,COM,"Barro-Lee: Average years of total schooling, age 25+, total",BAR.SCHL.25UP,..,..,..,..,..,..,..,..,..,..,..,..,..,..,..,..,..,..,..,..,..,..,..,..,..,..,..,..,..,..,..,..,..,..,..,..,..,..,..,..,..,..,..,..,..,..,..,..,..,..,..
"Congo, Rep.",COG,"Barro-Lee: Average years of total schooling, age 25+, total",BAR.SCHL.25UP,1.15,..,..,..,..,1.52,..,..,..,..,2.45,..,..,..,..,3.24,..,..,..,..,4.39,..,..,..,..,5.06,..,..,..,..,5.44,..,..,..,..,5.62,..,..,..,..,5.67,..,..,..,..,..,..,..,..,..,..
Cote d'Ivoire,CIV,"Barro-Lee: Average years of total schooling, age 25+, total",BAR.SCHL.25UP,0.76,..,..,..,..,0.94,..,..,..,..,1.29,..,..,..,..,1.69,..,..,..,..,2.04,..,..,..,..,2.5,..,..,..,..,3.25,..,..,..,..,3.74,..,..,..,..,4.22,..,..,..,..,..,..,..,..,..,..
Croatia,HRV,"Barro-Lee: Average years of total schooling, age 25+, total",BAR.SCHL.25UP,6.74,..,..,..,..,7.41,..,..,..,..,7.85,..,..,..,..,8.32,..,..,..,..,8.68,..,..,..,..,9.31,..,..,..,..,9.88,..,..,..,..,10.58,..,..,..,..,11.42,..,..,..,..,..,..,..,..,..,..
Cyprus,CYP,"Barro-Lee: Average years of total schooling, age 25+, total",BAR.SCHL.25UP,5.08,..,..,..,..,5.94,..,..,..,..,6.72,..,..,..,..,7.69,..,..,..,..,8.7,..,..,..,..,9.21,..,..,..,..,9.68,..,..,..,..,8.99,..,..,..,..,11.11,..,..,..,..,..,..,..,..,..,..
Czech Republic,CZE,"Barro-Lee: Average years of total schooling, age 25+, total",BAR.SCHL.25UP,9.56,..,..,..,..,9.85,..,..,..,..,10.23,..,..,..,..,10.46,..,..,..,..,10.88,..,..,..,..,12.07,..,..,..,..,12.91,..,..,..,..,13.08,..,..,..,..,13.16,..,..,..,..,..,..,..,..,..,..
Denmark,DNK,"Barro-Lee: Average years of total schooling, age 25+, total",BAR.SCHL.25UP,5.79,..,..,..,..,6.45,..,..,..,..,7.31,..,..,..,..,8.02,..,..,..,..,8.96,..,..,..,..,9.91,..,..,..,..,10.73,..,..,..,..,11.19,..,..,..,..,11.53,..,..,..,..,..,..,..,..,..,..
Dominica,DMA,"Barro-Lee: Average years of total schooling, age 25+, total",BAR.SCHL.25UP,..,..,..,..,..,..,..,..,..,..,..,..,..,..,..,..,..,..,..,..,..,..,..,..,..,..,..,..,..,..,..,..,..,..,..,..,..,..,..,..,..,..,..,..,..,..,..,..,..,..,..
Dominican Republic,DOM,"Barro-Lee: Average years of total schooling, age 25+, total",BAR.SCHL.25UP,3.04,..,..,..,..,3.53,..,..,..,..,4.15,..,..,..,..,4.78,..,..,..,..,5.34,..,..,..,..,5.92,..,..,..,..,6.26,..,..,..,..,6.94,..,..,..,..,7.56,..,..,..,..,..,..,..,..,..,..
"Egypt, Arab Rep.",EGY,"Barro-Lee: Average years of total schooling, age 25+, total",BAR.SCHL.25UP,1.03,..,..,..,..,1.3,..,..,..,..,2.06,..,..,..,..,2.97,..,..,..,..,3.51,..,..,..,..,4.05,..,..,..,..,4.75,..,..,..,..,5.61,..,..,..,..,6.55,..,..,..,..,..,..,..,..,..,..
El Salvador,SLV,"Barro-Lee: Average years of total schooling, age 25+, total",BAR.SCHL.25UP,2.28,..,..,..,..,2.63,..,..,..,..,3.05,..,..,..,..,3.4,..,..,..,..,3.72,..,..,..,..,4.58,..,..,..,..,5.73,..,..,..,..,6.67,..,..,..,..,7.66,..,..,..,..,..,..,..,..,..,..
Eritrea,ERI,"Barro-Lee: Average years of total schooling, age 25+, total",BAR.SCHL.25UP,..,..,..,..,..,..,..,..,..,..,..,..,..,..,..,..,..,..,..,..,..,..,..,..,..,..,..,..,..,..,..,..,..,..,..,..,..,..,..,..,..,..,..,..,..,..,..,..,..,..,..
Estonia,EST,"Barro-Lee: Average years of total schooling, age 25+, total",BAR.SCHL.25UP,7.25,..,..,..,..,7.88,..,..,..,..,8.32,..,..,..,..,8.84,..,..,..,..,9.31,..,..,..,..,10.49,..,..,..,..,11.74,..,..,..,..,12.08,..,..,..,..,12.48,..,..,..,..,..,..,..,..,..,..
Ethiopia,ETH,"Barro-Lee: Average years of total schooling, age 25+, total",BAR.SCHL.25UP,..,..,..,..,..,..,..,..,..,..,..,..,..,..,..,..,..,..,..,..,..,..,..,..,..,..,..,..,..,..,..,..,..,..,..,..,..,..,..,..,..,..,..,..,..,..,..,..,..,..,..
Fiji,FJI,"Barro-Lee: Average years of total schooling, age 25+, total",BAR.SCHL.25UP,4.68,..,..,..,..,5.11,..,..,..,..,5.95,..,..,..,..,6.75,..,..,..,..,8.37,..,..,..,..,9.79,..,..,..,..,9.61,..,..,..,..,9.17,..,..,..,..,9.58,..,..,..,..,..,..,..,..,..,..
Finland,FIN,"Barro-Lee: Average years of total schooling, age 25+, total",BAR.SCHL.25UP,5.4,..,..,..,..,6.33,..,..,..,..,7.39,..,..,..,..,7.33,..,..,..,..,7.46,..,..,..,..,8.63,..,..,..,..,9.32,..,..,..,..,10.22,..,..,..,..,11.82,..,..,..,..,..,..,..,..,..,..
France,FRA,"Barro-Lee: Average years of total schooling, age 25+, total",BAR.SCHL.25UP,4.96,..,..,..,..,5.47,..,..,..,..,5.96,..,..,..,..,6.61,..,..,..,..,7.33,..,..,..,..,8.54,..,..,..,..,9.53,..,..,..,..,10.05,..,..,..,..,10.64,..,..,..,..,..,..,..,..,..,..
Gabon,GAB,"Barro-Lee: Average years of total schooling, age 25+, total",BAR.SCHL.25UP,1,..,..,..,..,1.38,..,..,..,..,2.36,..,..,..,..,3.25,..,..,..,..,4.32,..,..,..,..,5.22,..,..,..,..,6.15,..,..,..,..,6.92,..,..,..,..,7.57,..,..,..,..,..,..,..,..,..,..
"Gambia, The",GMB,"Barro-Lee: Average years of total schooling, age 25+, total",BAR.SCHL.25UP,0.43,..,..,..,..,0.46,..,..,..,..,0.68,..,..,..,..,0.95,..,..,..,..,1.24,..,..,..,..,1.8,..,..,..,..,1.99,..,..,..,..,2.36,..,..,..,..,2.82,..,..,..,..,..,..,..,..,..,..
Georgia,GEO,"Barro-Lee: Average years of total schooling, age 25+, total",BAR.SCHL.25UP,..,..,..,..,..,..,..,..,..,..,..,..,..,..,..,..,..,..,..,..,..,..,..,..,..,..,..,..,..,..,..,..,..,..,..,..,..,..,..,..,..,..,..,..,..,..,..,..,..,..,..
Germany,DEU,"Barro-Lee: Average years of total schooling, age 25+, total",BAR.SCHL.25UP,7.71,..,..,..,..,7.58,..,..,..,..,7.63,..,..,..,..,7.55,..,..,..,..,8.77,..,..,..,..,9.66,..,..,..,..,10.51,..,..,..,..,11.97,..,..,..,..,12.69,..,..,..,..,..,..,..,..,..,..
Ghana,GHA,"Barro-Lee: Average years of total schooling, age 25+, total",BAR.SCHL.25UP,1.8,..,..,..,..,2.4,..,..,..,..,3.08,..,..,..,..,4.02,..,..,..,..,4.91,..,..,..,..,5.66,..,..,..,..,6.13,..,..,..,..,6.41,..,..,..,..,6.76,..,..,..,..,..,..,..,..,..,..
Greece,GRC,"Barro-Lee: Average years of total schooling, age 25+, total",BAR.SCHL.25UP,6.04,..,..,..,..,6.27,..,..,..,..,6.55,..,..,..,..,7.27,..,..,..,..,7.89,..,..,..,..,8.18,..,..,..,..,8.57,..,..,..,..,9.77,..,..,..,..,10.26,..,..,..,..,..,..,..,..,..,..
Guinea,GIN,"Barro-Lee: Average years of total schooling, age 25+, total",BAR.SCHL.25UP,..,..,..,..,..,..,..,..,..,..,..,..,..,..,..,..,..,..,..,..,..,..,..,..,..,..,..,..,..,..,..,..,..,..,..,..,..,..,..,..,..,..,..,..,..,..,..,..,..,..,..
Guyana,GUY,"Barro-Lee: Average years of total schooling, age 25+, total",BAR.SCHL.25UP,4.96,..,..,..,..,5.37,..,..,..,..,5.82,..,..,..,..,6.31,..,..,..,..,6.77,..,..,..,..,7.22,..,..,..,..,7.72,..,..,..,..,8.07,..,..,..,..,8.5,..,..,..,..,..,..,..,..,..,..
Haiti,HTI,"Barro-Lee: Average years of total schooling, age 25+, total",BAR.SCHL.25UP,0.9,..,..,..,..,1.17,..,..,..,..,1.44,..,..,..,..,2.2,..,..,..,..,2.69,..,..,..,..,3.2,..,..,..,..,3.75,..,..,..,..,4.29,..,..,..,..,4.74,..,..,..,..,..,..,..,..,..,..
Honduras,HND,"Barro-Lee: Average years of total schooling, age 25+, total",BAR.SCHL.25UP,1.91,..,..,..,..,2.08,..,..,..,..,2.88,..,..,..,..,3.71,..,..,..,..,4.27,..,..,..,..,4.71,..,..,..,..,5.08,..,..,..,..,5.45,..,..,..,..,5.5,..,..,..,..,..,..,..,..,..,..
"Hong Kong SAR, China",HKG,"Barro-Lee: Average years of total schooling, age 25+, total",BAR.SCHL.25UP,5.15,..,..,..,..,5.68,..,..,..,..,6.73,..,..,..,..,7.64,..,..,..,..,8.55,..,..,..,..,8.75,..,..,..,..,8.8,..,..,..,..,10.71,..,..,..,..,11.02,..,..,..,..,..,..,..,..,..,..
Hungary,HUN,"Barro-Lee: Average years of total schooling, age 25+, total",BAR.SCHL.25UP,7.82,..,..,..,..,8.24,..,..,..,..,8.69,..,..,..,..,8.81,..,..,..,..,8.68,..,..,..,..,10.37,..,..,..,..,11.24,..,..,..,..,11.71,..,..,..,..,12.14,..,..,..,..,..,..,..,..,..,..
Iceland,ISL,"Barro-Lee: Average years of total schooling, age 25+, total",BAR.SCHL.25UP,6.51,..,..,..,..,6.95,..,..,..,..,7.47,..,..,..,..,7.96,..,..,..,..,8.46,..,..,..,..,8.93,..,..,..,..,9.45,..,..,..,..,10.04,..,..,..,..,10.59,..,..,..,..,..,..,..,..,..,..
Ireland,IRL,"Barro-Lee: Average years of total schooling, age 25+, total",BAR.SCHL.25UP,7.01,..,..,..,..,7.63,..,..,..,..,8.4,..,..,..,..,9.25,..,..,..,..,9.73,..,..,..,..,10.4,..,..,..,..,10.84,..,..,..,..,11.73,..,..,..,..,12.2,..,..,..,..,..,..,..,..,..,..
Israel,ISR,"Barro-Lee: Average years of total schooling, age 25+, total",BAR.SCHL.25UP,8.27,..,..,..,..,9.07,..,..,..,..,9.93,..,..,..,..,10.41,..,..,..,..,11.03,..,..,..,..,11.4,..,..,..,..,11.8,..,..,..,..,12.05,..,..,..,..,12.76,..,..,..,..,..,..,..,..,..,..
Italy,ITA,"Barro-Lee: Average years of total schooling, age 25+, total",BAR.SCHL.25UP,5.17,..,..,..,..,5.68,..,..,..,..,6.19,..,..,..,..,6.69,..,..,..,..,7.29,..,..,..,..,7.93,..,..,..,..,8.58,..,..,..,..,9,..,..,..,..,9.54,..,..,..,..,..,..,..,..,..,..
Jamaica,JAM,"Barro-Lee: Average years of total schooling, age 25+, total",BAR.SCHL.25UP,4.43,..,..,..,..,4.74,..,..,..,..,5.26,..,..,..,..,5.83,..,..,..,..,6.47,..,..,..,..,7.48,..,..,..,..,8.62,..,..,..,..,9.1,..,..,..,..,9.67,..,..,..,..,..,..,..,..,..,..
Japan,JPN,"Barro-Lee: Average years of total schooling, age 25+, total",BAR.SCHL.25UP,7.08,..,..,..,..,7.9,..,..,..,..,8.71,..,..,..,..,9.25,..,..,..,..,9.61,..,..,..,..,10.18,..,..,..,..,10.73,..,..,..,..,11.17,..,..,..,..,11.52,..,..,..,..,..,..,..,..,..,..
Kazakhstan,KAZ,"Barro-Lee: Average years of total schooling, age 25+, total",BAR.SCHL.25UP,4.46,..,..,..,..,5.35,..,..,..,..,6.3,..,..,..,..,7.28,..,..,..,..,8.05,..,..,..,..,9.27,..,..,..,..,10.48,..,..,..,..,11.74,..,..,..,..,11.42,..,..,..,..,..,..,..,..,..,..
Kenya,KEN,"Barro-Lee: Average years of total schooling, age 25+, total",BAR.SCHL.25UP,1.45,..,..,..,..,1.86,..,..,..,..,2.49,..,..,..,..,3.09,..,..,..,..,3.72,..,..,..,..,4.54,..,..,..,..,5.26,..,..,..,..,5.82,..,..,..,..,6.19,..,..,..,..,..,..,..,..,..,..
"Korea, Rep.",KOR,"Barro-Lee: Average years of total schooling, age 25+, total",BAR.SCHL.25UP,5.2,..,..,..,..,6.16,..,..,..,..,7.09,..,..,..,..,8.06,..,..,..,..,9.11,..,..,..,..,9.94,..,..,..,..,10.59,..,..,..,..,11.25,..,..,..,..,11.89,..,..,..,..,..,..,..,..,..,..
Kuwait,KWT,"Barro-Lee: Average years of total schooling, age 25+, total",BAR.SCHL.25UP,2.9,..,..,..,..,3.02,..,..,..,..,4.28,..,..,..,..,5.27,..,..,..,..,5.51,..,..,..,..,5.69,..,..,..,..,6.07,..,..,..,..,5.97,..,..,..,..,6.26,..,..,..,..,..,..,..,..,..,..
Kyrgyz Republic,KGZ,"Barro-Lee: Average years of total schooling, age 25+, total",BAR.SCHL.25UP,5.32,..,..,..,..,6.03,..,..,..,..,6.9,..,..,..,..,7.84,..,..,..,..,8.56,..,..,..,..,9.1,..,..,..,..,9.73,..,..,..,..,10.23,..,..,..,..,11.08,..,..,..,..,..,..,..,..,..,..
Lao PDR,LAO,"Barro-Lee: Average years of total schooling, age 25+, total",BAR.SCHL.25UP,1.4,..,..,..,..,1.72,..,..,..,..,2.14,..,..,..,..,2.52,..,..,..,..,3.09,..,..,..,..,3.57,..,..,..,..,3.9,..,..,..,..,4.23,..,..,..,..,4.57,..,..,..,..,..,..,..,..,..,..
Latvia,LVA,"Barro-Lee: Average years of total schooling, age 25+, total",BAR.SCHL.25UP,5.15,..,..,..,..,5.82,..,..,..,..,6.33,..,..,..,..,6.92,..,..,..,..,7.56,..,..,..,..,8.89,..,..,..,..,9.47,..,..,..,..,10.15,..,..,..,..,10.48,..,..,..,..,..,..,..,..,..,..
Lebanon,LBN,"Barro-Lee: Average years of total schooling, age 25+, total",BAR.SCHL.25UP,..,..,..,..,..,..,..,..,..,..,..,..,..,..,..,..,..,..,..,..,..,..,..,..,..,..,..,..,..,..,..,..,..,..,..,..,..,..,..,..,..,..,..,..,..,..,..,..,..,..,..
Lesotho,LSO,"Barro-Lee: Average years of total schooling, age 25+, total",BAR.SCHL.25UP,3.18,..,..,..,..,3.41,..,..,..,..,3.69,..,..,..,..,4.12,..,..,..,..,4.66,..,..,..,..,5.13,..,..,..,..,5.67,..,..,..,..,6.85,..,..,..,..,5.63,..,..,..,..,..,..,..,..,..,..
Liberia,LBR,"Barro-Lee: Average years of total schooling, age 25+, total",BAR.SCHL.25UP,0.99,..,..,..,..,1.17,..,..,..,..,1.54,..,..,..,..,2.03,..,..,..,..,2.6,..,..,..,..,3.1,..,..,..,..,3.46,..,..,..,..,3.78,..,..,..,..,4.09,..,..,..,..,..,..,..,..,..,..
Libya,LBY,"Barro-Lee: Average years of total schooling, age 25+, total",BAR.SCHL.25UP,1,..,..,..,..,1.33,..,..,..,..,2.23,..,..,..,..,3.19,..,..,..,..,3.81,..,..,..,..,4.69,..,..,..,..,5.58,..,..,..,..,6.44,..,..,..,..,7.31,..,..,..,..,..,..,..,..,..,..
Lithuania,LTU,"Barro-Lee: Average years of total schooling, age 25+, total",BAR.SCHL.25UP,5.19,..,..,..,..,5.98,..,..,..,..,6.66,..,..,..,..,7.4,..,..,..,..,8.25,..,..,..,..,9.03,..,..,..,..,9.86,..,..,..,..,10.69,..,..,..,..,11.05,..,..,..,..,..,..,..,..,..,..
Luxembourg,LUX,"Barro-Lee: Average years of total schooling, age 25+, total",BAR.SCHL.25UP,5.85,..,..,..,..,7.88,..,..,..,..,8.22,..,..,..,..,8.58,..,..,..,..,8.92,..,..,..,..,9.32,..,..,..,..,9.68,..,..,..,..,10.3,..,..,..,..,11.22,..,..,..,..,..,..,..,..,..,..
"Macao SAR, China",MAC,"Barro-Lee: Average years of total schooling, age 25+, total",BAR.SCHL.25UP,3.62,..,..,..,..,4.19,..,..,..,..,4.67,..,..,..,..,5.06,..,..,..,..,5.46,..,..,..,..,5.89,..,..,..,..,6.52,..,..,..,..,7.13,..,..,..,..,8.09,..,..,..,..,..,..,..,..,..,..
North Macedonia,MKD,"Barro-Lee: Average years of total schooling, age 25+, total",BAR.SCHL.25UP,..,..,..,..,..,..,..,..,..,..,..,..,..,..,..,..,..,..,..,..,..,..,..,..,..,..,..,..,..,..,..,..,..,..,..,..,..,..,..,..,..,..,..,..,..,..,..,..,..,..,..
Madagascar,MDG,"Barro-Lee: Average years of total schooling, age 25+, total",BAR.SCHL.25UP,..,..,..,..,..,..,..,..,..,..,..,..,..,..,..,..,..,..,..,..,..,..,..,..,..,..,..,..,..,..,..,..,..,..,..,..,..,..,..,..,..,..,..,..,..,..,..,..,..,..,..
Malawi,MWI,"Barro-Lee: Average years of total schooling, age 25+, total",BAR.SCHL.25UP,1.2,..,..,..,..,1.44,..,..,..,..,1.75,..,..,..,..,2.08,..,..,..,..,2.45,..,..,..,..,2.71,..,..,..,..,3.05,..,..,..,..,3.39,..,..,..,..,4.29,..,..,..,..,..,..,..,..,..,..
Malaysia,MYS,"Barro-Lee: Average years of total schooling, age 25+, total",BAR.SCHL.25UP,3.02,..,..,..,..,3.72,..,..,..,..,4.41,..,..,..,..,5.48,..,..,..,..,6.53,..,..,..,..,7.56,..,..,..,..,8.16,..,..,..,..,8.94,..,..,..,..,9.75,..,..,..,..,..,..,..,..,..,..
Maldives,MDV,"Barro-Lee: Average years of total schooling, age 25+, total",BAR.SCHL.25UP,4.04,..,..,..,..,4.22,..,..,..,..,4.47,..,..,..,..,4.65,..,..,..,..,4.04,..,..,..,..,3.51,..,..,..,..,3.05,..,..,..,..,3.07,..,..,..,..,4.38,..,..,..,..,..,..,..,..,..,..
Mali,MLI,"Barro-Lee: Average years of total schooling, age 25+, total",BAR.SCHL.25UP,0.2,..,..,..,..,0.23,..,..,..,..,0.38,..,..,..,..,0.54,..,..,..,..,0.72,..,..,..,..,0.88,..,..,..,..,1.01,..,..,..,..,1.16,..,..,..,..,1.5,..,..,..,..,..,..,..,..,..,..
Malta,MLT,"Barro-Lee: Average years of total schooling, age 25+, total",BAR.SCHL.25UP,5.26,..,..,..,..,5.85,..,..,..,..,6.38,..,..,..,..,7.27,..,..,..,..,8.03,..,..,..,..,8.71,..,..,..,..,9.28,..,..,..,..,9.92,..,..,..,..,10.33,..,..,..,..,..,..,..,..,..,..
Mauritania,MRT,"Barro-Lee: Average years of total schooling, age 25+, total",BAR.SCHL.25UP,1.52,..,..,..,..,1.7,..,..,..,..,1.79,..,..,..,..,1.99,..,..,..,..,2.23,..,..,..,..,2.61,..,..,..,..,2.97,..,..,..,..,3.35,..,..,..,..,3.77,..,..,..,..,..,..,..,..,..,..
Mauritius,MUS,"Barro-Lee: Average years of total schooling, age 25+, total",BAR.SCHL.25UP,3.71,..,..,..,..,4.11,..,..,..,..,4.44,..,..,..,..,4.83,..,..,..,..,5.7,..,..,..,..,6.26,..,..,..,..,6.17,..,..,..,..,7.22,..,..,..,..,8.19,..,..,..,..,..,..,..,..,..,..
Moldova,MDA,"Barro-Lee: Average years of total schooling, age 25+, total",BAR.SCHL.25UP,4.59,..,..,..,..,5.46,..,..,..,..,6.44,..,..,..,..,7.34,..,..,..,..,8.09,..,..,..,..,8.67,..,..,..,..,9.11,..,..,..,..,9.57,..,..,..,..,10.66,..,..,..,..,..,..,..,..,..,..
Mongolia,MNG,"Barro-Lee: Average years of total schooling, age 25+, total",BAR.SCHL.25UP,2.78,..,..,..,..,4.88,..,..,..,..,5.84,..,..,..,..,6.74,..,..,..,..,7.69,..,..,..,..,7.81,..,..,..,..,8.19,..,..,..,..,8.62,..,..,..,..,9.28,..,..,..,..,..,..,..,..,..,..
Montenegro,MNE,"Barro-Lee: Average years of total schooling, age 25+, total",BAR.SCHL.25UP,..,..,..,..,..,..,..,..,..,..,..,..,..,..,..,..,..,..,..,..,..,..,..,..,..,..,..,..,..,..,..,..,..,..,..,..,..,..,..,..,..,..,..,..,..,..,..,..,..,..,..
Morocco,MAR,"Barro-Lee: Average years of total schooling, age 25+, total",BAR.SCHL.25UP,0.57,..,..,..,..,0.86,..,..,..,..,1.17,..,..,..,..,1.62,..,..,..,..,2.11,..,..,..,..,2.66,..,..,..,..,3.26,..,..,..,..,3.79,..,..,..,..,4.24,..,..,..,..,..,..,..,..,..,..
Mozambique,MOZ,"Barro-Lee: Average years of total schooling, age 25+, total",BAR.SCHL.25UP,0.88,..,..,..,..,0.83,..,..,..,..,0.73,..,..,..,..,0.83,..,..,..,..,0.83,..,..,..,..,0.8,..,..,..,..,0.91,..,..,..,..,1.11,..,..,..,..,1.24,..,..,..,..,..,..,..,..,..,..
Myanmar,MMR,"Barro-Lee: Average years of total schooling, age 25+, total",BAR.SCHL.25UP,1.12,..,..,..,..,1.12,..,..,..,..,1.68,..,..,..,..,2.26,..,..,..,..,2.43,..,..,..,..,2.71,..,..,..,..,3.1,..,..,..,..,3.55,..,..,..,..,4.09,..,..,..,..,..,..,..,..,..,..
Namibia,NAM,"Barro-Lee: Average years of total schooling, age 25+, total",BAR.SCHL.25UP,3.41,..,..,..,..,3.8,..,..,..,..,4.26,..,..,..,..,4.86,..,..,..,..,5.59,..,..,..,..,5.67,..,..,..,..,5.56,..,..,..,..,5.95,..,..,..,..,6.22,..,..,..,..,..,..,..,..,..,..
Netherlands,NLD,"Barro-Lee: Average years of total schooling, age 25+, total",BAR.SCHL.25UP,8.03,..,..,..,..,8.64,..,..,..,..,9.25,..,..,..,..,9.91,..,..,..,..,10.34,..,..,..,..,10.63,..,..,..,..,10.98,..,..,..,..,10.98,..,..,..,..,11.6,..,..,..,..,..,..,..,..,..,..
New Zealand,NZL,"Barro-Lee: Average years of total schooling, age 25+, total",BAR.SCHL.25UP,10.69,..,..,..,..,11.33,..,..,..,..,11.31,..,..,..,..,11.52,..,..,..,..,11.54,..,..,..,..,11.59,..,..,..,..,11.6,..,..,..,..,11.65,..,..,..,..,11.3,..,..,..,..,..,..,..,..,..,..
Niger,NER,"Barro-Lee: Average years of total schooling, age 25+, total",BAR.SCHL.25UP,0.41,..,..,..,..,0.43,..,..,..,..,0.46,..,..,..,..,0.55,..,..,..,..,0.69,..,..,..,..,0.88,..,..,..,..,1.1,..,..,..,..,1.3,..,..,..,..,1.45,..,..,..,..,..,..,..,..,..,..
Nigeria,NGA,"Barro-Lee: Average years of total schooling, age 25+, total",BAR.SCHL.25UP,..,..,..,..,..,..,..,..,..,..,..,..,..,..,..,..,..,..,..,..,..,..,..,..,..,..,..,..,..,..,..,..,..,..,..,..,..,..,..,..,..,..,..,..,..,..,..,..,..,..,..
Norway,NOR,"Barro-Lee: Average years of total schooling, age 25+, total",BAR.SCHL.25UP,8.27,..,..,..,..,8.44,..,..,..,..,8.83,..,..,..,..,9.67,..,..,..,..,10.47,..,..,..,..,10.8,..,..,..,..,11.21,..,..,..,..,12.07,..,..,..,..,11.8,..,..,..,..,..,..,..,..,..,..
Panama,PAN,"Barro-Lee: Average years of total schooling, age 25+, total",BAR.SCHL.25UP,4.69,..,..,..,..,5.22,..,..,..,..,5.9,..,..,..,..,6.63,..,..,..,..,7.26,..,..,..,..,8.04,..,..,..,..,8.53,..,..,..,..,8.96,..,..,..,..,9.15,..,..,..,..,..,..,..,..,..,..
Paraguay,PRY,"Barro-Lee: Average years of total schooling, age 25+, total",BAR.SCHL.25UP,3.74,..,..,..,..,4.09,..,..,..,..,4.64,..,..,..,..,5.26,..,..,..,..,5.73,..,..,..,..,6.11,..,..,..,..,5.87,..,..,..,..,6.86,..,..,..,..,7.24,..,..,..,..,..,..,..,..,..,..
Philippines,PHL,"Barro-Lee: Average years of total schooling, age 25+, total",BAR.SCHL.25UP,4.03,..,..,..,..,4.6,..,..,..,..,5.39,..,..,..,..,6.21,..,..,..,..,6.59,..,..,..,..,7.12,..,..,..,..,7.54,..,..,..,..,7.85,..,..,..,..,8.18,..,..,..,..,..,..,..,..,..,..
Poland,POL,"Barro-Lee: Average years of total schooling, age 25+, total",BAR.SCHL.25UP,6.94,..,..,..,..,7.63,..,..,..,..,7.75,..,..,..,..,8.28,..,..,..,..,8.96,..,..,..,..,9.83,..,..,..,..,10.42,..,..,..,..,10.9,..,..,..,..,11.42,..,..,..,..,..,..,..,..,..,..
Portugal,PRT,"Barro-Lee: Average years of total schooling, age 25+, total",BAR.SCHL.25UP,2.49,..,..,..,..,2.98,..,..,..,..,3.72,..,..,..,..,4.51,..,..,..,..,5.25,..,..,..,..,5.92,..,..,..,..,6.7,..,..,..,..,6.64,..,..,..,..,7.2,..,..,..,..,..,..,..,..,..,..
Puerto Rico,PRI,"Barro-Lee: Average years of total schooling, age 25+, total",BAR.SCHL.25UP,..,..,..,..,..,..,..,..,..,..,..,..,..,..,..,..,..,..,..,..,..,..,..,..,..,..,..,..,..,..,..,..,..,..,..,..,..,..,..,..,..,..,..,..,..,..,..,..,..,..,..
Qatar,QAT,"Barro-Lee: Average years of total schooling, age 25+, total",BAR.SCHL.25UP,3.26,..,..,..,..,3.7,..,..,..,..,4.41,..,..,..,..,4.97,..,..,..,..,5.38,..,..,..,..,5.94,..,..,..,..,6.42,..,..,..,..,7.1,..,..,..,..,8.45,..,..,..,..,..,..,..,..,..,..
Romania,ROU,"Barro-Lee: Average years of total schooling, age 25+, total",BAR.SCHL.25UP,6.05,..,..,..,..,7.04,..,..,..,..,7.72,..,..,..,..,8.41,..,..,..,..,9.05,..,..,..,..,9.62,..,..,..,..,10.02,..,..,..,..,10.35,..,..,..,..,10.81,..,..,..,..,..,..,..,..,..,..
Russian Federation,RUS,"Barro-Lee: Average years of total schooling, age 25+, total",BAR.SCHL.25UP,5.26,..,..,..,..,5.9,..,..,..,..,6.75,..,..,..,..,7.76,..,..,..,..,8.91,..,..,..,..,9.78,..,..,..,..,11.13,..,..,..,..,11.41,..,..,..,..,11.73,..,..,..,..,..,..,..,..,..,..
Samoa,WSM,"Barro-Lee: Average years of total schooling, age 25+, total",BAR.SCHL.25UP,..,..,..,..,..,..,..,..,..,..,..,..,..,..,..,..,..,..,..,..,..,..,..,..,..,..,..,..,..,..,..,..,..,..,..,..,..,..,..,..,..,..,..,..,..,..,..,..,..,..,..
Saudi Arabia,SAU,"Barro-Lee: Average years of total schooling, age 25+, total",BAR.SCHL.25UP,3.19,..,..,..,..,3.35,..,..,..,..,4.02,..,..,..,..,4.71,..,..,..,..,5.55,..,..,..,..,6.05,..,..,..,..,6.64,..,..,..,..,7.25,..,..,..,..,7.79,..,..,..,..,..,..,..,..,..,..
Senegal,SEN,"Barro-Lee: Average years of total schooling, age 25+, total",BAR.SCHL.25UP,2.12,..,..,..,..,2.14,..,..,..,..,2.23,..,..,..,..,2.3,..,..,..,..,2.2,..,..,..,..,2.06,..,..,..,..,1.89,..,..,..,..,1.52,..,..,..,..,2.4,..,..,..,..,..,..,..,..,..,..
Serbia,SRB,"Barro-Lee: Average years of total schooling, age 25+, total",BAR.SCHL.25UP,5.27,..,..,..,..,5.93,..,..,..,..,6.72,..,..,..,..,7.41,..,..,..,..,7.95,..,..,..,..,8.81,..,..,..,..,9.39,..,..,..,..,10.21,..,..,..,..,10.97,..,..,..,..,..,..,..,..,..,..
Seychelles,SYC,"Barro-Lee: Average years of total schooling, age 25+, total",BAR.SCHL.25UP,..,..,..,..,..,..,..,..,..,..,..,..,..,..,..,..,..,..,..,..,..,..,..,..,..,..,..,..,..,..,..,..,..,..,..,..,..,..,..,..,..,..,..,..,..,..,..,..,..,..,..
Sierra Leone,SLE,"Barro-Lee: Average years of total schooling, age 25+, total",BAR.SCHL.25UP,0.58,..,..,..,..,0.73,..,..,..,..,0.96,..,..,..,..,1.25,..,..,..,..,1.58,..,..,..,..,1.96,..,..,..,..,2.3,..,..,..,..,2.68,..,..,..,..,3.06,..,..,..,..,..,..,..,..,..,..
Singapore,SGP,"Barro-Lee: Average years of total schooling, age 25+, total",BAR.SCHL.25UP,3.76,..,..,..,..,3.88,..,..,..,..,3.74,..,..,..,..,5.08,..,..,..,..,5.79,..,..,..,..,7.32,..,..,..,..,8.9,..,..,..,..,8.52,..,..,..,..,10.63,..,..,..,..,..,..,..,..,..,..
Slovak Republic,SVK,"Barro-Lee: Average years of total schooling, age 25+, total",BAR.SCHL.25UP,9.46,..,..,..,..,9.82,..,..,..,..,10.13,..,..,..,..,10.38,..,..,..,..,10.75,..,..,..,..,11.39,..,..,..,..,11.52,..,..,..,..,12.58,..,..,..,..,13.07,..,..,..,..,..,..,..,..,..,..
Slovenia,SVN,"Barro-Lee: Average years of total schooling, age 25+, total",BAR.SCHL.25UP,7.59,..,..,..,..,8.33,..,..,..,..,8.97,..,..,..,..,9.92,..,..,..,..,10.91,..,..,..,..,11.23,..,..,..,..,11.57,..,..,..,..,11.72,..,..,..,..,12.13,..,..,..,..,..,..,..,..,..,..
Spain,ESP,"Barro-Lee: Average years of total schooling, age 25+, total",BAR.SCHL.25UP,4.34,..,..,..,..,5.13,..,..,..,..,5.74,..,..,..,..,6.13,..,..,..,..,6.52,..,..,..,..,7.69,..,..,..,..,8.89,..,..,..,..,10.16,..,..,..,..,10.3,..,..,..,..,..,..,..,..,..,..
Sudan,SDN,"Barro-Lee: Average years of total schooling, age 25+, total",BAR.SCHL.25UP,0.59,..,..,..,..,0.7,..,..,..,..,0.9,..,..,..,..,1.09,..,..,..,..,1.5,..,..,..,..,1.97,..,..,..,..,2.44,..,..,..,..,2.93,..,..,..,..,3.13,..,..,..,..,..,..,..,..,..,..
Suriname,SUR,"Barro-Lee: Average years of total schooling, age 25+, total",BAR.SCHL.25UP,..,..,..,..,..,..,..,..,..,..,..,..,..,..,..,..,..,..,..,..,..,..,..,..,..,..,..,..,..,..,..,..,..,..,..,..,..,..,..,..,..,..,..,..,..,..,..,..,..,..,..
Eswatini,SWZ,"Barro-Lee: Average years of total schooling, age 25+, total",BAR.SCHL.25UP,2.17,..,..,..,..,2.85,..,..,..,..,3.55,..,..,..,..,4.19,..,..,..,..,4.35,..,..,..,..,4.24,..,..,..,..,3.86,..,..,..,..,3.13,..,..,..,..,4.02,..,..,..,..,..,..,..,..,..,..
Sweden,SWE,"Barro-Lee: Average years of total schooling, age 25+, total",BAR.SCHL.25UP,7.96,..,..,..,..,9.02,..,..,..,..,9.62,..,..,..,..,10.05,..,..,..,..,10.54,..,..,..,..,10.95,..,..,..,..,11.42,..,..,..,..,12.09,..,..,..,..,11.89,..,..,..,..,..,..,..,..,..,..
Switzerland,CHE,"Barro-Lee: Average years of total schooling, age 25+, total",BAR.SCHL.25UP,9.76,..,..,..,..,10.34,..,..,..,..,10.98,..,..,..,..,10.37,..,..,..,..,10.19,..,..,..,..,10.14,..,..,..,..,10.29,..,..,..,..,10.84,..,..,..,..,13.42,..,..,..,..,..,..,..,..,..,..
Syrian Arab Republic,SYR,"Barro-Lee: Average years of total schooling, age 25+, total",BAR.SCHL.25UP,1.36,..,..,..,..,1.83,..,..,..,..,2.47,..,..,..,..,3.26,..,..,..,..,3.97,..,..,..,..,4.48,..,..,..,..,4.58,..,..,..,..,5.54,..,..,..,..,6.25,..,..,..,..,..,..,..,..,..,..
Tajikistan,TJK,"Barro-Lee: Average years of total schooling, age 25+, total",BAR.SCHL.25UP,5.63,..,..,..,..,6.61,..,..,..,..,7.73,..,..,..,..,8.73,..,..,..,..,9.57,..,..,..,..,10.56,..,..,..,..,11.11,..,..,..,..,11.14,..,..,..,..,10.9,..,..,..,..,..,..,..,..,..,..
Thailand,THA,"Barro-Lee: Average years of total schooling, age 25+, total",BAR.SCHL.25UP,1.87,..,..,..,..,2.11,..,..,..,..,2.67,..,..,..,..,3.26,..,..,..,..,3.83,..,..,..,..,4.33,..,..,..,..,4.81,..,..,..,..,6.44,..,..,..,..,7.3,..,..,..,..,..,..,..,..,..,..
Togo,TGO,"Barro-Lee: Average years of total schooling, age 25+, total",BAR.SCHL.25UP,0.48,..,..,..,..,1.02,..,..,..,..,1.72,..,..,..,..,2.37,..,..,..,..,2.99,..,..,..,..,3.53,..,..,..,..,3.98,..,..,..,..,4.23,..,..,..,..,4.33,..,..,..,..,..,..,..,..,..,..
Tonga,TON,"Barro-Lee: Average years of total schooling, age 25+, total",BAR.SCHL.25UP,6.78,..,..,..,..,6.82,..,..,..,..,7.24,..,..,..,..,7.58,..,..,..,..,8.3,..,..,..,..,9.14,..,..,..,..,9.08,..,..,..,..,9.23,..,..,..,..,10.71,..,..,..,..,..,..,..,..,..,..
Trinidad and Tobago,TTO,"Barro-Lee: Average years of total schooling, age 25+, total",BAR.SCHL.25UP,5.7,..,..,..,..,6.37,..,..,..,..,6.98,..,..,..,..,7.54,..,..,..,..,7.94,..,..,..,..,8.54,..,..,..,..,9.17,..,..,..,..,9.78,..,..,..,..,10.37,..,..,..,..,..,..,..,..,..,..
Tunisia,TUN,"Barro-Lee: Average years of total schooling, age 25+, total",BAR.SCHL.25UP,1,..,..,..,..,1.31,..,..,..,..,2.02,..,..,..,..,2.62,..,..,..,..,3.43,..,..,..,..,4.13,..,..,..,..,4.9,..,..,..,..,5.75,..,..,..,..,6.58,..,..,..,..,..,..,..,..,..,..
Turkey,TUR,"Barro-Lee: Average years of total schooling, age 25+, total",BAR.SCHL.25UP,2.02,..,..,..,..,2.29,..,..,..,..,2.87,..,..,..,..,3.97,..,..,..,..,4.53,..,..,..,..,4.81,..,..,..,..,5.54,..,..,..,..,6.06,..,..,..,..,6.56,..,..,..,..,..,..,..,..,..,..
Turkmenistan,TKM,"Barro-Lee: Average years of total schooling, age 25+, total",BAR.SCHL.25UP,..,..,..,..,..,..,..,..,..,..,..,..,..,..,..,..,..,..,..,..,..,..,..,..,..,..,..,..,..,..,..,..,..,..,..,..,..,..,..,..,..,..,..,..,..,..,..,..,..,..,..
Ukraine,UKR,"Barro-Lee: Average years of total schooling, age 25+, total",BAR.SCHL.25UP,5.76,..,..,..,..,6.35,..,..,..,..,7.13,..,..,..,..,8.25,..,..,..,..,9.14,..,..,..,..,10.04,..,..,..,..,10.68,..,..,..,..,11.16,..,..,..,..,11.34,..,..,..,..,..,..,..,..,..,..
United Arab Emirates,ARE,"Barro-Lee: Average years of total schooling, age 25+, total",BAR.SCHL.25UP,2.39,..,..,..,..,2.96,..,..,..,..,3.59,..,..,..,..,4.47,..,..,..,..,5.63,..,..,..,..,7.09,..,..,..,..,8.29,..,..,..,..,8.79,..,..,..,..,8.88,..,..,..,..,..,..,..,..,..,..
"Venezuela, RB",VEN,"Barro-Lee: Average years of total schooling, age 25+, total",BAR.SCHL.25UP,2.41,..,..,..,..,3.25,..,..,..,..,4.42,..,..,..,..,4.63,..,..,..,..,4.59,..,..,..,..,5.5,..,..,..,..,6.28,..,..,..,..,7.15,..,..,..,..,8.16,..,..,..,..,..,..,..,..,..,..
West Bank and Gaza,PSE,"Barro-Lee: Average years of total schooling, age 25+, total",BAR.SCHL.25UP,..,..,..,..,..,..,..,..,..,..,..,..,..,..,..,..,..,..,..,..,..,..,..,..,..,..,..,..,..,..,..,..,..,..,..,..,..,..,..,..,..,..,..,..,..,..,..,..,..,..,..
,,,,,,,,,,,,,,,,,,,,,,,,,,,,,,,,,,,,,,,,,,,,,,,,,,,,,,
,,,,,,,,,,,,,,,,,,,,,,,,,,,,,,,,,,,,,,,,,,,,,,,,,,,,,,
,,,,,,,,,,,,,,,,,,,,,,,,,,,,,,,,,,,,,,,,,,,,,,,,,,,,,,
Data from database: Education Statistics: Education Attainment,,,,,,,,,,,,,,,,,,,,,,,,,,,,,,,,,,,,,,,,,,,,,,,,,,,,,,
Last Updated: 12/15/2020,,,,,,,,,,,,,,,,,,,,,,,,,,,,,,,,,,,,,,,,,,,,,,,,,,,,,,
